Source File	Size	loadResources	load	generateSnapshots	load-configure	scan	loadDepInfo	loadInfo	checkR4R4B	generateNarratives	validate	loadLists	checkConformanceResources	checkConformanceResources2	checkConformanceResources3	generateLogicalMaps	validateExpressions	scanForUsageStats	checkURLsUnique	processProvenanceDetails	translate	generate1	generate2	generateLogicals	makeDependencies	generateExampleZip	generateValidationPack	scanProfilesForR5	scanExamplesForR5
/fsh-generated/resources/ImplementationGuide-ans.fhir.fr.fr-patient-summary.json	6732	-	0	0	0	0	0	0	10	38	0	0	0	0	0	0	0	0	0	0	8	88	333	0	0	0	2	0	0
fsh-generated/resources/CodeSystem-competence-code-system.json	6332	4	0	0	1	0	0	0	1	17	0	0	1	0	0	0	0	0	0	0	5	42	281	0	0	0	1	0	0
fsh-generated/resources/CodeSystem-type-carte-code-system.json	1020	1	0	0	0	0	0	0	0	5	0	0	0	0	0	0	0	0	0	0	1	13	80	0	0	0	0	0	0
fsh-generated/resources/Patient-frpatient-exemple.json	465	2	0	0	0	0	0	0	0	161	0	0	0	0	0	0	0	0	0	0	1	6	17	0	0	0	0	0	1
fsh-generated/resources/StructureDefinition-EyeColor.json	1347	2	0	8	0	0	0	0	0	45	0	0	1	0	0	0	0	0	0	0	1	52	512	0	0	0	2	1	0
fsh-generated/resources/StructureDefinition-fr-patient.json	2386	3	0	45	0	0	0	0	0	27	0	0	0	0	0	0	0	1	0	0	0	168	596	0	0	0	6	0	0
fsh-generated/resources/ValueSet-EyeColorVS.json	681	2	0	0	0	0	0	0	0	3984	0	0	0	0	0	0	0	0	0	0	2	9	6544	0	0	0	1	0	0
fsh-generated/resources/ValueSet-MeltingPotVS.json	917	2	0	0	0	0	0	0	1	327	0	0	0	0	0	0	0	0	0	0	1	19	211	0	0	0	0	0	0
fsh-generated/resources/ValueSet-ModifiedAdministrativeGender.json	658	1	0	0	0	0	0	0	0	2	0	0	0	0	0	0	0	0	0	0	1	11	70	0	0	0	1	0	0
fsh-generated/resources/ValueSet-TypeCarteVS.json	441	2	0	0	0	0	0	0	0	2	0	0	0	0	0	0	0	0	0	0	2	11	62	0	0	0	0	0	0
/fsh-generated/includes/fsh-link-references.md	453	-	-	-	0	0	0	0	0	0	0	0	0	0	0	0	0	0	0	0	0	0	0	0	0	0	0	0	0
/fsh-generated/includes/menu.xml	2789	-	-	-	0	0	0	0	0	0	0	0	0	0	0	0	0	1	0	0	0	0	1	0	0	0	0	0	0
/input/data/features.yml	187	-	-	-	0	0	0	0	0	0	0	0	0	0	0	0	0	0	0	0	0	0	0	0	0	0	0	0	0
/input/pagecontent/change-log.md	330	-	-	-	0	0	0	0	0	0	0	0	0	0	0	0	0	0	0	0	0	0	0	0	0	0	0	0	0
/input/pagecontent/annexe-downloads.md	1751	-	-	-	0	0	0	0	0	0	0	0	0	0	0	0	0	0	0	0	0	0	1	0	0	0	0	0	0
/input/pagecontent/index.md	2186	-	-	-	0	0	0	0	0	0	0	0	0	0	0	0	0	0	0	0	0	0	0	0	0	0	0	0	0
/input/pagecontent/spec-technique-intro.md	111	-	-	-	0	0	0	0	0	0	0	0	0	0	0	0	0	0	0	0	0	0	0	0	0	0	0	0	0
/input/pagecontent/translationinfo.md	59	-	-	-	0	0	0	0	0	0	0	0	0	0	0	0	0	0	0	0	0	0	0	0	0	0	0	0	0
/input/pagecontent/spec-fonctionnelle-intro.md	82	-	-	-	0	0	0	0	0	0	0	0	0	0	0	0	0	0	0	0	0	0	1	0	0	0	0	0	0
/input/pagecontent/autres_ressources.md	155	-	-	-	0	0	0	0	0	0	0	0	0	0	0	0	0	0	0	0	0	0	0	0	0	0	0	0	0
/input/pagecontent/annexe-securite.md	900	-	-	-	0	0	0	0	0	0	0	0	0	0	0	0	0	0	0	0	0	0	0	0	0	0	0	0	0
/input/pagecontent/spec-technique-flux-consommation.md	101	-	-	-	0	0	0	0	0	0	0	0	0	0	0	0	0	0	0	0	0	0	0	0	0	0	0	0	0
/input/pagecontent/spec-technique-flux-alimentation.md	99	-	-	-	0	0	0	0	0	0	0	0	0	0	0	0	0	0	0	0	0	0	0	0	0	0	0	0	0
/input/pagecontent/spec-fonctionnelle-alimentation.md	61	-	-	-	0	0	0	0	0	0	0	0	0	0	0	0	0	0	0	0	0	0	1	0	0	0	0	0	0
/input/pagecontent/spec-technique-vue-ensemble.md	96	-	-	-	0	0	0	0	0	0	0	0	0	0	0	0	0	0	0	0	0	0	0	0	0	0	0	0	0
/template/config	0	-	-	-	0	0	0	0	0	0	0	0	0	0	0	0	0	0	0	0	0	0	0	0	0	0	0	0	0
/template/config/_config.yml	140	-	-	-	0	0	0	0	0	0	0	0	0	0	0	0	0	0	0	0	0	0	0	0	0	0	0	0	0
/input/images	0	-	-	-	0	0	0	0	0	0	0	0	0	0	0	0	0	0	0	0	0	0	0	0	0	0	0	0	0
/input/images/anImage.png	36288	-	-	-	0	0	0	0	0	0	0	0	0	0	0	0	0	0	0	0	0	0	0	0	0	0	0	0	0
/input/images/ci-sis-logo.png	61365	-	-	-	0	0	0	0	0	0	0	0	0	0	0	0	0	0	0	0	0	0	1	0	0	0	0	0	0
/temp/pages/_includes/artifacts.xml	216	-	-	-	-	-	-	-	-	-	-	-	-	-	-	-	-	-	-	-	-	-	0	0	0	0	0	0	0
/temp/pages/_includes/fragment-artifacts-table.html	3362	-	-	-	-	-	-	-	-	-	-	-	-	-	-	-	-	-	-	-	-	-	0	0	0	0	0	0	0
